filename,taken_at,lat,lon,place_override,people,notes
photos/bday_2019_p1.jpg,,,,,,
photos/bday_2019_p2.jpg,,,,,,
photos/bday_2019_p3.jpg,,,,,,
photos/bday_2020.jpg,,,,,,
photos/bill_screenshot.jpg,,,,,,
photos/flight_screenshot.jpg,,,,,,
photos/goa_cafe.jpg,,,,,,
photos/goa_cafe_old.jpg,,,,,,
photos/goa_distractor.jpg,,,,,,
photos/ireland_distractor.jpg,,,,,,
photos/ireland_job.jpg,,,,,,
photos/meme_screenshot.jpg,,,,,,
photos/scotland_distractor1.jpg,,,,,,
photos/scotland_mask.jpg,,,,,,
photos/sibling_award.jpg,,,,,,
photos/sibling_distractor.jpg,,,,,,
2013-06-20_Hyderabad/IMG_20130620_001.jpg,2013-06-20T19:38:15,17.385,78.4867,Hyderabad,,
2013-06-20_Hyderabad/IMG_20130620_002.jpg,2013-06-20T22:22:12,17.385,78.4867,Hyderabad,,
2013-06-20_Hyderabad/IMG_20130620_003.jpg,2013-06-20T15:56:50,17.385,78.4867,Hyderabad,,
2013-08-15_Hyderabad/IMG_20130815_001.jpg,2013-08-15T17:07:35,17.385,78.4867,Hyderabad,,
2013-08-15_Hyderabad/IMG_20130815_002.jpg,2013-08-15T17:32:35,17.385,78.4867,Hyderabad,,
2013-08-15_Hyderabad/IMG_20130815_003.jpg,2013-08-15T14:39:24,17.385,78.4867,Hyderabad,,
2014-11-14_Hyderabad/IMG_20141114_001.jpg,2014-11-14T22:04:27,17.385,78.4867,Hyderabad,,
2014-11-14_Hyderabad/IMG_20141114_002.jpg,2014-11-14T20:46:50,17.385,78.4867,Hyderabad,,
2014-11-14_Hyderabad/IMG_20141114_003.jpg,2014-11-14T15:54:57,17.385,78.4867,Hyderabad,,
2014-11-14_Hyderabad/IMG_20141114_004.jpg,2014-11-14T21:14:50,17.385,78.4867,Hyderabad,,
2014-11-14_Hyderabad/IMG_20141114_005.jpg,2014-11-14T08:27:40,17.385,78.4867,Hyderabad,,
2014-11-14_Hyderabad/IMG_20141114_006.jpg,2014-11-14T15:01:33,17.385,78.4867,Hyderabad,,
2015-05-10_Hyderabad/IMG_20150510_001.jpg,2015-05-10T19:37:36,17.385,78.4867,Hyderabad,,
2015-05-10_Hyderabad/IMG_20150510_002.jpg,2015-05-10T15:21:32,17.385,78.4867,Hyderabad,,
2015-05-10_Hyderabad/IMG_20150510_003.jpg,2015-05-10T19:34:13,17.385,78.4867,Hyderabad,,
2016-12-20_Hyderabad/IMG_20161220_001.jpg,2016-12-20T16:20:26,17.385,78.4867,Hyderabad,,
2016-12-20_Hyderabad/IMG_20161220_002.jpg,2016-12-20T10:21:37,17.385,78.4867,Hyderabad,,
2016-12-20_Hyderabad/IMG_20161220_003.jpg,2016-12-20T18:05:13,17.385,78.4867,Hyderabad,,
2016-12-20_Hyderabad/IMG_20161220_004.jpg,2016-12-20T12:42:48,17.385,78.4867,Hyderabad,,
2016-12-20_Hyderabad/IMG_20161220_005.jpg,2016-12-20T08:00:17,17.385,78.4867,Hyderabad,,
2017-02-18_Hyderabad/IMG_20170218_001.jpg,2017-02-18T22:21:31,17.385,78.4867,Hyderabad,,
2017-02-18_Hyderabad/IMG_20170218_002.jpg,2017-02-18T21:21:55,17.385,78.4867,Hyderabad,,
2018-08-05_Pune/IMG_20180805_001.jpg,2018-08-05T08:15:53,18.5204,73.8567,Pune,,
2018-08-05_Pune/IMG_20180805_002.jpg,2018-08-05T18:04:32,18.5204,73.8567,Pune,,
2018-08-05_Pune/IMG_20180805_003.jpg,2018-08-05T08:20:52,18.5204,73.8567,Pune,,
2018-08-05_Pune/IMG_20180805_004.jpg,2018-08-05T12:01:44,18.5204,73.8567,Pune,,
2018-08-05_Pune/IMG_20180805_005.jpg,2018-08-05T14:06:14,18.5204,73.8567,Pune,,
2018-11-24_Pune/IMG_20181124_001.jpg,2018-11-24T20:11:32,18.5204,73.8567,Pune,,
2018-11-24_Pune/IMG_20181124_002.jpg,2018-11-24T10:23:34,18.5204,73.8567,Pune,,
2018-11-24_Pune/IMG_20181124_003.jpg,2018-11-24T17:45:01,18.5204,73.8567,Pune,,
2019-01-25_Hyderabad/IMG_20190125_001.jpg,2019-01-25T09:19:51,17.385,78.4867,Hyderabad,Kabir,school medal little brother
2019-02-14_Pune-FC-Road/IMG_20190214_001.jpg,2019-02-14T17:32:12,18.5195,73.8427,Pune FC Road,Riya; Meera; Arjun,birthday college friends
2019-02-14_Pune-Koregaon-Park/IMG_20190214_002.jpg,2019-02-14T17:09:51,18.5362,73.8939,Pune Koregaon Park,Riya; Meera; Arjun,birthday college friends
2019-02-14_Pune-Viman-Nagar/IMG_20190214_003.jpg,2019-02-14T15:50:54,18.5684,73.9137,Pune Viman Nagar,Riya; Arjun,birthday college friends
2019-03-21_Pune/IMG_20190321_001.jpg,2019-03-21T20:15:01,18.5204,73.8567,Pune,,
2019-09-28_Pune/IMG_20190928_001.jpg,2019-09-28T15:51:07,18.5204,73.8567,Pune,,
2019-09-28_Pune/IMG_20190928_002.jpg,2019-09-28T19:14:43,18.5204,73.8567,Pune,,
2019-09-28_Pune/IMG_20190928_003.jpg,2019-09-28T14:38:26,18.5204,73.8567,Pune,,
2019-09-28_Pune/IMG_20190928_004.jpg,2019-09-28T22:07:04,18.5204,73.8567,Pune,,
2019-09-28_Pune/IMG_20190928_005.jpg,2019-09-28T10:15:53,18.5204,73.8567,Pune,,
2019-09-28_Pune/IMG_20190928_006.jpg,2019-09-28T14:21:42,18.5204,73.8567,Pune,,
2019-12-28_Goa-Panjim/IMG_20191228_001.jpg,2019-12-28T13:43:30,15.4909,73.8278,Goa Panjim,Riya; Arjun; Meera,
2019-12-28_Goa-Panjim/IMG_20191228_002.jpg,2019-12-28T08:04:57,15.4909,73.8278,Goa Panjim,,
2019-12-28_Goa-Panjim/IMG_20191228_003.jpg,2019-12-28T10:22:49,15.4909,73.8278,Goa Panjim,,
2019-12-28_Goa-Panjim/IMG_20191228_004.jpg,2019-12-28T21:10:21,15.4909,73.8278,Goa Panjim,,
2019-12-28_Goa-Panjim/IMG_20191228_005.jpg,2019-12-28T15:29:55,15.4909,73.8278,Goa Panjim,,
2019-12-28_Goa-Panjim/IMG_20191228_006.jpg,2019-12-28T18:11:16,15.4909,73.8278,Goa Panjim,,
2020-02-15_Pune-Koregaon-Park/IMG_20200215_001.jpg,2020-02-15T15:16:13,18.5362,73.8939,Pune Koregaon Park,Riya; Meera,
2021-12-18_Pune/IMG_20211218_001.jpg,2021-12-18T10:55:56,18.5204,73.8567,Pune,,
2021-12-18_Pune/IMG_20211218_002.jpg,2021-12-18T22:49:30,18.5204,73.8567,Pune,,
2021-12-18_Pune/IMG_20211218_003.jpg,2021-12-18T15:15:55,18.5204,73.8567,Pune,,
2021-12-18_Pune/IMG_20211218_004.jpg,2021-12-18T21:44:27,18.5204,73.8567,Pune,,
2022-02-10_Pune/IMG_20220210_001.jpg,2022-02-10T17:15:22,18.5204,73.8567,Pune,,
2022-02-10_Pune/IMG_20220210_002.jpg,2022-02-10T15:49:33,18.5204,73.8567,Pune,,
2022-02-10_Pune/IMG_20220210_003.jpg,2022-02-10T10:30:41,18.5204,73.8567,Pune,,
2022-02-10_Pune/IMG_20220210_004.jpg,2022-02-10T21:53:42,18.5204,73.8567,Pune,,
2022-02-10_Pune/IMG_20220210_005.jpg,2022-02-10T14:02:04,18.5204,73.8567,Pune,,
2022-02-10_Pune/IMG_20220210_006.jpg,2022-02-10T19:59:29,18.5204,73.8567,Pune,,
2022-02-10_Pune/IMG_20220210_007.jpg,2022-02-10T15:28:30,18.5204,73.8567,Pune,,
2022-02-10_Pune/IMG_20220210_008.jpg,2022-02-10T11:57:17,18.5204,73.8567,Pune,,
2022-05-28_Pune/IMG_20220528_001.jpg,2022-05-28T18:13:45,18.5204,73.8567,Pune,,
2022-05-28_Pune/IMG_20220528_002.jpg,2022-05-28T09:08:00,18.5204,73.8567,Pune,,
2022-07-04_Bengaluru-Koramangala/IMG_20220704_001.jpg,2022-07-04T09:36:38,12.9279,77.6271,Bengaluru Koramangala,Rohan; Ananya,
2022-07-04_Bengaluru-Koramangala/IMG_20220704_002.jpg,2022-07-04T18:01:20,12.9279,77.6271,Bengaluru Koramangala,Rohan,
2022-07-04_Bengaluru-Koramangala/IMG_20220704_003.jpg,2022-07-04T18:28:10,12.9279,77.6271,Bengaluru Koramangala,Rohan,
2022-07-04_Bengaluru-Koramangala/IMG_20220704_004.jpg,2022-07-04T14:17:22,12.9279,77.6271,Bengaluru Koramangala,Rohan,
2022-11-18_Bengaluru-Indiranagar/IMG_20221118_001.jpg,2022-11-18T16:50:04,12.9784,77.6408,Bengaluru Indiranagar,Rohan,
2022-11-18_Bengaluru-Indiranagar/IMG_20221118_002.jpg,2022-11-18T21:03:33,12.9784,77.6408,Bengaluru Indiranagar,Rohan,
2022-11-18_Bengaluru-Indiranagar/IMG_20221118_003.jpg,2022-11-18T22:56:36,12.9784,77.6408,Bengaluru Indiranagar,Rohan,
2022-11-18_Bengaluru-Indiranagar/IMG_20221118_004.jpg,2022-11-18T12:46:15,12.9784,77.6408,Bengaluru Indiranagar,Rohan,
2022-11-18_Bengaluru-Indiranagar/IMG_20221118_005.jpg,2022-11-18T09:30:28,12.9784,77.6408,Bengaluru Indiranagar,Rohan,
2022-11-18_Bengaluru-Indiranagar/IMG_20221118_006.jpg,2022-11-18T15:41:51,12.9784,77.6408,Bengaluru Indiranagar,,
2022-12-30_Goa-Anjuna/IMG_20221230_001.jpg,2022-12-30T14:40:40,15.5908,73.7431,Goa Anjuna,Riya; Arjun,
2022-12-30_Goa-Anjuna/IMG_20221230_002.jpg,2022-12-30T21:19:14,15.5908,73.7431,Goa Anjuna,,
2022-12-30_Goa-Anjuna/IMG_20221230_003.jpg,2022-12-30T18:43:42,15.5908,73.7431,Goa Anjuna,,
2022-12-30_Goa-Anjuna/IMG_20221230_004.jpg,2022-12-30T09:17:57,15.5908,73.7431,Goa Anjuna,,
2022-12-30_Goa-Anjuna/IMG_20221230_005.jpg,2022-12-30T12:31:08,15.5908,73.7431,Goa Anjuna,,colourful cafe
2022-12-30_Goa-Anjuna/IMG_20221230_006.jpg,2022-12-30T11:56:51,15.5908,73.7431,Goa Anjuna,,colourful cafe
2023-03-10_Bengaluru-Whitefield/IMG_20230310_001.jpg,2023-03-10T17:47:11,12.9698,77.7499,Bengaluru Whitefield,Rohan,
2023-03-10_Bengaluru-Whitefield/IMG_20230310_002.jpg,2023-03-10T08:26:55,12.9698,77.7499,Bengaluru Whitefield,Rohan,
2023-03-10_Bengaluru-Whitefield/IMG_20230310_003.jpg,2023-03-10T12:07:24,12.9698,77.7499,Bengaluru Whitefield,Rohan,
2023-03-10_Bengaluru-Whitefield/IMG_20230310_004.jpg,2023-03-10T18:19:09,12.9698,77.7499,Bengaluru Whitefield,Rohan,
2023-05-20_Coorg/IMG_20230520_001.jpg,2023-05-20T20:31:06,12.3375,75.8069,Coorg,,
2023-05-20_Coorg/IMG_20230520_002.jpg,2023-05-20T14:49:39,12.3375,75.8069,Coorg,,
2023-05-20_Coorg/IMG_20230520_003.jpg,2023-05-20T10:53:29,12.3375,75.8069,Coorg,,
2023-05-20_Coorg/IMG_20230520_004.jpg,2023-05-20T22:27:06,12.3375,75.8069,Coorg,,
2023-05-20_Coorg/IMG_20230520_005.jpg,2023-05-20T08:12:18,12.3375,75.8069,Coorg,,
2023-07-14_Bengaluru/IMG_20230714_001.jpg,2023-07-14T17:07:48,12.9716,77.5946,Bengaluru,Rohan,
2023-07-14_Bengaluru/IMG_20230714_002.jpg,2023-07-14T10:14:09,12.9716,77.5946,Bengaluru,Rohan,
2023-09-15_Edinburgh/IMG_20230915_001.jpg,2023-09-15T22:48:29,55.9533,-3.1883,Edinburgh,Ananya,
2023-09-15_Edinburgh/IMG_20230915_002.jpg,2023-09-15T08:12:56,55.9533,-3.1883,Edinburgh,Ananya,
2023-09-15_Edinburgh/IMG_20230915_003.jpg,2023-09-15T22:56:07,55.9533,-3.1883,Edinburgh,Ananya,
2023-10-12_Edinburgh/IMG_20231012_001.jpg,2023-10-12T08:09:37,55.9533,-3.1883,Edinburgh,Ananya,
2023-10-12_Edinburgh/IMG_20231012_002.jpg,2023-10-12T15:12:50,55.9533,-3.1883,Edinburgh,Ananya,
2023-10-12_Edinburgh/IMG_20231012_003.jpg,2023-10-12T17:10:22,55.9533,-3.1883,Edinburgh,Ananya,
2023-10-12_Edinburgh/IMG_20231012_004.jpg,2023-10-12T10:01:37,55.9533,-3.1883,Edinburgh,Ananya,
2023-11-20_Edinburgh/IMG_20231120_001.jpg,2023-11-20T21:24:43,55.9533,-3.1883,Edinburgh,Ananya,
2023-11-20_Edinburgh/IMG_20231120_002.jpg,2023-11-20T16:21:01,55.9533,-3.1883,Edinburgh,Ananya,
2023-11-20_Edinburgh/IMG_20231120_003.jpg,2023-11-20T14:47:24,55.9533,-3.1883,Edinburgh,Ananya,
2023-11-20_Edinburgh/IMG_20231120_004.jpg,2023-11-20T19:25:01,55.9533,-3.1883,Edinburgh,Ananya,
2023-11-20_Edinburgh/IMG_20231120_005.jpg,2023-11-20T16:10:39,55.9533,-3.1883,Edinburgh,Ananya,
2023-11-20_Edinburgh/IMG_20231120_006.jpg,2023-11-20T13:42:35,55.9533,-3.1883,Edinburgh,Ananya,
2023-11-20_Edinburgh/IMG_20231120_007.jpg,2023-11-20T13:25:01,55.9533,-3.1883,Edinburgh,Ananya,
2023-11-20_Edinburgh/IMG_20231120_008.jpg,2023-11-20T09:11:50,55.9533,-3.1883,Edinburgh,Ananya,
2023-11-20_Edinburgh/IMG_20231120_009.jpg,2023-11-20T16:46:19,55.9533,-3.1883,Edinburgh,Ananya,
2023-11-20_Edinburgh/IMG_20231120_010.jpg,2023-11-20T22:02:54,55.9533,-3.1883,Edinburgh,Ananya,crouched on floor wearing face mask
2024-01-08_Edinburgh/IMG_20240108_001.jpg,2024-01-08T21:21:58,55.9533,-3.1883,Edinburgh,Ananya,
2024-01-08_Edinburgh/IMG_20240108_002.jpg,2024-01-08T19:28:46,55.9533,-3.1883,Edinburgh,Ananya,
2024-01-08_Edinburgh/IMG_20240108_003.jpg,2024-01-08T22:57:14,55.9533,-3.1883,Edinburgh,Ananya,
2024-01-08_Edinburgh/IMG_20240108_004.jpg,2024-01-08T11:29:13,55.9533,-3.1883,Edinburgh,Ananya,
2024-03-16_Edinburgh-Portobello/IMG_20240316_001.jpg,2024-03-16T19:52:47,55.9536,-3.1118,Edinburgh Portobello,Ananya,
2024-04-06_Isle-of-Skye/IMG_20240406_001.jpg,2024-04-06T21:36:50,57.3225,-6.1557,Isle of Skye,,
2024-04-06_Isle-of-Skye/IMG_20240406_002.jpg,2024-04-06T21:03:54,57.3225,-6.1557,Isle of Skye,,
2024-10-14_Dublin/IMG_20241014_001.jpg,2024-10-14T14:03:50,53.3498,-6.2603,Dublin,,
2024-10-14_Dublin/IMG_20241014_002.jpg,2024-10-14T19:14:39,53.3498,-6.2603,Dublin,,
2024-10-14_Dublin/IMG_20241014_003.jpg,2024-10-14T11:19:05,53.3498,-6.2603,Dublin,,
2024-10-14_Dublin/IMG_20241014_004.jpg,2024-10-14T09:48:03,53.3498,-6.2603,Dublin,,
2025-02-08_Dublin/IMG_20250208_001.jpg,2025-02-08T17:15:05,53.3498,-6.2603,Dublin,Tom,fast-food uniform
2025-02-08_Dublin/IMG_20250208_002.jpg,2025-02-08T09:17:50,53.3498,-6.2603,Dublin,,
2025-02-08_Dublin/IMG_20250208_003.jpg,2025-02-08T22:47:32,53.3498,-6.2603,Dublin,,
2025-02-08_Dublin/IMG_20250208_004.jpg,2025-02-08T14:55:44,53.3498,-6.2603,Dublin,,
2025-02-08_Dublin/IMG_20250208_005.jpg,2025-02-08T08:58:16,53.3498,-6.2603,Dublin,,
2025-02-08_Dublin/IMG_20250208_006.jpg,2025-02-08T17:03:21,53.3498,-6.2603,Dublin,,
2025-03-22_Dublin-Temple-Bar/IMG_20250322_001.jpg,2025-03-22T18:08:32,53.3455,-6.2642,Dublin Temple Bar,,
2025-03-22_Dublin-Temple-Bar/IMG_20250322_002.jpg,2025-03-22T19:14:00,53.3455,-6.2642,Dublin Temple Bar,,
2025-05-30_Howth/IMG_20250530_001.jpg,2025-05-30T13:55:11,53.385,-6.0645,Howth,,
2025-07-12_Galway/IMG_20250712_001.jpg,2025-07-12T12:49:20,53.2707,-9.0568,Galway,,
2025-08-16_Cork/IMG_20250816_001.jpg,2025-08-16T21:51:18,51.8985,-8.4756,Cork,,
2026-06-14_NoLocation/IMG_20260614_001.jpg,2026-06-14T21:07:58,,,,,
2026-06-14_NoLocation/IMG_20260614_002.jpg,2026-06-14T17:09:39,,,,,
2026-06-14_NoLocation/IMG_20260614_003.jpg,2026-06-14T11:59:34,,,,,
2026-08-03_NoLocation/IMG_20260803_001.jpg,2026-08-03T17:26:03,,,,,
2026-08-03_NoLocation/IMG_20260803_002.jpg,2026-08-03T20:53:08,,,,,
2026-08-03_NoLocation/IMG_20260803_003.jpg,2026-08-03T10:58:41,,,,,
2026-09-21_NoLocation/IMG_20260921_001.jpg,2026-09-21T21:27:03,,,,,
2026-09-21_NoLocation/IMG_20260921_002.jpg,2026-09-21T10:02:09,,,,,
2026-09-21_NoLocation/IMG_20260921_003.jpg,2026-09-21T16:56:41,,,,,
2026-09-21_NoLocation/IMG_20260921_004.jpg,2026-09-21T11:26:47,,,,,
2026-10-05_NoLocation/IMG_20261005_001.jpg,2026-10-05T16:36:02,,,,,screenshot electricity bill
2026-10-05_NoLocation/IMG_20261005_002.jpg,2026-10-05T16:45:38,,,,,
2026-10-05_NoLocation/IMG_20261005_003.jpg,2026-10-05T22:43:09,,,,,
2026-10-05_NoLocation/IMG_20261005_004.jpg,2026-10-05T18:17:04,,,,,
2026-10-05_NoLocation/IMG_20261005_005.jpg,2026-10-05T21:43:06,,,,,
