folder,event_type,event_label,scene,type,objects,notes
2019-02-14_Pune-Koregaon-Park,family_home,Event at 2019-02-14_Pune-Koregaon-Park,indoor,photo,various,
2022-05-28_Pune,family_home,Event at 2022-05-28_Pune,indoor,photo,various,
2022-11-18_Bengaluru-Indiranagar,office_work,Event at 2022-11-18_Bengaluru-Indiranagar,indoor,photo,various,
2019-02-14_Pune-FC-Road,family_home,Event at 2019-02-14_Pune-FC-Road,indoor,photo,various,
2025-05-30_Howth,nature_hike,Event at 2025-05-30_Howth,indoor,photo,various,
2023-05-20_Coorg,nature_hike,Event at 2023-05-20_Coorg,indoor,photo,various,
2022-02-10_Pune,family_home,Event at 2022-02-10_Pune,indoor,photo,various,
2019-09-28_Pune,family_home,Event at 2019-09-28_Pune,indoor,photo,various,
2016-12-20_Hyderabad,family_home,Event at 2016-12-20_Hyderabad,indoor,photo,various,
root,other,Event at root,indoor,photo,various,
2024-04-06_Isle-of-Skye,trip_sightseeing,Event at 2024-04-06_Isle-of-Skye,indoor,photo,various,
2023-09-15_Edinburgh,college_campus,Event at 2023-09-15_Edinburgh,indoor,photo,various,
2023-03-10_Bengaluru-Whitefield,office_work,Event at 2023-03-10_Bengaluru-Whitefield,indoor,photo,various,
2023-07-14_Bengaluru,office_work,Event at 2023-07-14_Bengaluru,indoor,photo,various,
2019-02-14_Pune-Viman-Nagar,family_home,Event at 2019-02-14_Pune-Viman-Nagar,indoor,photo,various,
2013-08-15_Hyderabad,family_home,Event at 2013-08-15_Hyderabad,indoor,photo,various,
2015-05-10_Hyderabad,family_home,Event at 2015-05-10_Hyderabad,indoor,photo,various,
2026-06-14_NoLocation,screenshot,Event at 2026-06-14_NoLocation,indoor,screenshot,various,
2024-01-08_Edinburgh,college_campus,Event at 2024-01-08_Edinburgh,indoor,photo,various,
2014-11-14_Hyderabad,family_home,Event at 2014-11-14_Hyderabad,indoor,photo,various,
2025-07-12_Galway,trip_sightseeing,Event at 2025-07-12_Galway,indoor,photo,various,
2025-08-16_Cork,trip_sightseeing,Event at 2025-08-16_Cork,indoor,photo,various,
2013-06-20_Hyderabad,family_home,Event at 2013-06-20_Hyderabad,indoor,photo,various,
2019-12-28_Goa-Panjim,trip_sightseeing,Event at 2019-12-28_Goa-Panjim,indoor,photo,various,
2020-02-15_Pune-Koregaon-Park,family_home,Event at 2020-02-15_Pune-Koregaon-Park,indoor,photo,various,
2024-10-14_Dublin,office_work,Event at 2024-10-14_Dublin,indoor,photo,various,
2019-03-21_Pune,family_home,Event at 2019-03-21_Pune,indoor,photo,various,
2025-02-08_Dublin,office_work,Event at 2025-02-08_Dublin,indoor,photo,various,
2025-03-22_Dublin-Temple-Bar,office_work,Event at 2025-03-22_Dublin-Temple-Bar,indoor,photo,various,
2026-10-05_NoLocation,screenshot,Event at 2026-10-05_NoLocation,indoor,screenshot,various,
2018-08-05_Pune,family_home,Event at 2018-08-05_Pune,indoor,photo,various,
2018-11-24_Pune,family_home,Event at 2018-11-24_Pune,indoor,photo,various,
2022-07-04_Bengaluru-Koramangala,office_work,Event at 2022-07-04_Bengaluru-Koramangala,indoor,photo,various,
2023-11-20_Edinburgh,college_campus,Event at 2023-11-20_Edinburgh,indoor,photo,various,
2024-03-16_Edinburgh-Portobello,college_campus,Event at 2024-03-16_Edinburgh-Portobello,indoor,photo,various,
2026-08-03_NoLocation,screenshot,Event at 2026-08-03_NoLocation,indoor,screenshot,various,
2022-12-30_Goa-Anjuna,trip_sightseeing,Event at 2022-12-30_Goa-Anjuna,indoor,photo,various,
2021-12-18_Pune,family_home,Event at 2021-12-18_Pune,indoor,photo,various,
2023-10-12_Edinburgh,college_campus,Event at 2023-10-12_Edinburgh,indoor,photo,various,
2026-09-21_NoLocation,screenshot,Event at 2026-09-21_NoLocation,indoor,screenshot,various,
2019-01-25_Hyderabad,family_home,Event at 2019-01-25_Hyderabad,indoor,photo,various,
2017-02-18_Hyderabad,family_home,Event at 2017-02-18_Hyderabad,indoor,photo,various,
