filename,people
2019-01-25_Hyderabad/IMG_20190125_001.jpg,Kabir
2019-02-14_Pune-FC-Road/IMG_20190214_001.jpg,Riya; Meera; Arjun
2019-02-14_Pune-Koregaon-Park/IMG_20190214_002.jpg,Riya; Meera; Arjun
2019-02-14_Pune-Viman-Nagar/IMG_20190214_003.jpg,Riya; Arjun
2019-12-28_Goa-Panjim/IMG_20191228_001.jpg,Riya; Arjun; Meera
2020-02-15_Pune-Koregaon-Park/IMG_20200215_001.jpg,Riya; Meera
2022-07-04_Bengaluru-Koramangala/IMG_20220704_001.jpg,Rohan; Ananya
2022-07-04_Bengaluru-Koramangala/IMG_20220704_002.jpg,Rohan
2022-07-04_Bengaluru-Koramangala/IMG_20220704_003.jpg,Rohan
2022-07-04_Bengaluru-Koramangala/IMG_20220704_004.jpg,Rohan
2022-11-18_Bengaluru-Indiranagar/IMG_20221118_001.jpg,Rohan
2022-11-18_Bengaluru-Indiranagar/IMG_20221118_002.jpg,Rohan
2022-11-18_Bengaluru-Indiranagar/IMG_20221118_003.jpg,Rohan
2022-11-18_Bengaluru-Indiranagar/IMG_20221118_004.jpg,Rohan
2022-11-18_Bengaluru-Indiranagar/IMG_20221118_005.jpg,Rohan
2022-12-30_Goa-Anjuna/IMG_20221230_001.jpg,Riya; Arjun
2023-03-10_Bengaluru-Whitefield/IMG_20230310_001.jpg,Rohan
2023-03-10_Bengaluru-Whitefield/IMG_20230310_002.jpg,Rohan
2023-03-10_Bengaluru-Whitefield/IMG_20230310_003.jpg,Rohan
2023-03-10_Bengaluru-Whitefield/IMG_20230310_004.jpg,Rohan
2023-07-14_Bengaluru/IMG_20230714_001.jpg,Rohan
2023-07-14_Bengaluru/IMG_20230714_002.jpg,Rohan
2023-09-15_Edinburgh/IMG_20230915_001.jpg,Ananya
2023-09-15_Edinburgh/IMG_20230915_002.jpg,Ananya
2023-09-15_Edinburgh/IMG_20230915_003.jpg,Ananya
2023-10-12_Edinburgh/IMG_20231012_001.jpg,Ananya
2023-10-12_Edinburgh/IMG_20231012_002.jpg,Ananya
2023-10-12_Edinburgh/IMG_20231012_003.jpg,Ananya
2023-10-12_Edinburgh/IMG_20231012_004.jpg,Ananya
2023-11-20_Edinburgh/IMG_20231120_001.jpg,Ananya
2023-11-20_Edinburgh/IMG_20231120_002.jpg,Ananya
2023-11-20_Edinburgh/IMG_20231120_003.jpg,Ananya
2023-11-20_Edinburgh/IMG_20231120_004.jpg,Ananya
2023-11-20_Edinburgh/IMG_20231120_005.jpg,Ananya
2023-11-20_Edinburgh/IMG_20231120_006.jpg,Ananya
2023-11-20_Edinburgh/IMG_20231120_007.jpg,Ananya
2023-11-20_Edinburgh/IMG_20231120_008.jpg,Ananya
2023-11-20_Edinburgh/IMG_20231120_009.jpg,Ananya
2023-11-20_Edinburgh/IMG_20231120_010.jpg,Ananya
2024-01-08_Edinburgh/IMG_20240108_001.jpg,Ananya
2024-01-08_Edinburgh/IMG_20240108_002.jpg,Ananya
2024-01-08_Edinburgh/IMG_20240108_003.jpg,Ananya
2024-01-08_Edinburgh/IMG_20240108_004.jpg,Ananya
2024-03-16_Edinburgh-Portobello/IMG_20240316_001.jpg,Ananya
2025-02-08_Dublin/IMG_20250208_001.jpg,Tom
