filename,caption,objects,clothing,text_in_image
bday_2019_p1.jpg,A view of the scene,person; table,casual,
bday_2019_p2.jpg,A view of the scene,person; table,casual,
bday_2019_p3.jpg,A view of the scene,person; table,casual,
bday_2020.jpg,A view of the scene,person; table,casual,
bill_screenshot.jpg,Electricity bill for the month,,,electricity bill; amount due; Demo Power
flight_screenshot.jpg,Screenshot of a meme or chat,,,some text on screen
goa_cafe.jpg,A view of the scene,person; table,casual,
goa_cafe_old.jpg,A view of the scene,person; table,casual,
goa_distractor.jpg,A view of the scene,person; table,casual,
ireland_distractor.jpg,A view of the scene,person; table,casual,
ireland_job.jpg,A view of the scene,person; table,casual,
meme_screenshot.jpg,Screenshot of a meme or chat,,,some text on screen
scotland_distractor1.jpg,A view of the scene,person; table,casual,
scotland_mask.jpg,Crouched on the floor wearing a face mask,person; table,casual,
sibling_award.jpg,A view of the scene,person; table,casual,
sibling_distractor.jpg,A view of the scene,person; table,casual,
2013-06-20_Hyderabad/IMG_20130620_001.jpg,A view of the scene,person; table,casual,
2013-06-20_Hyderabad/IMG_20130620_002.jpg,A view of the scene,person; table,casual,
2013-06-20_Hyderabad/IMG_20130620_003.jpg,A view of the scene,person; table,casual,
2013-08-15_Hyderabad/IMG_20130815_001.jpg,A view of the scene,person; table,casual,
2013-08-15_Hyderabad/IMG_20130815_002.jpg,A view of the scene,person; table,casual,
2013-08-15_Hyderabad/IMG_20130815_003.jpg,A view of the scene,person; table,casual,
2014-11-14_Hyderabad/IMG_20141114_001.jpg,A view of the scene,person; table,casual,
2014-11-14_Hyderabad/IMG_20141114_002.jpg,A view of the scene,person; table,casual,
2014-11-14_Hyderabad/IMG_20141114_003.jpg,A view of the scene,person; table,casual,
2014-11-14_Hyderabad/IMG_20141114_004.jpg,A view of the scene,person; table,casual,
2014-11-14_Hyderabad/IMG_20141114_005.jpg,A view of the scene,person; table,casual,
2014-11-14_Hyderabad/IMG_20141114_006.jpg,A view of the scene,person; table,casual,
2015-05-10_Hyderabad/IMG_20150510_001.jpg,A view of the scene,person; table,casual,
2015-05-10_Hyderabad/IMG_20150510_002.jpg,A view of the scene,person; table,casual,
2015-05-10_Hyderabad/IMG_20150510_003.jpg,A view of the scene,person; table,casual,
2016-12-20_Hyderabad/IMG_20161220_001.jpg,A view of the scene,person; table,casual,
2016-12-20_Hyderabad/IMG_20161220_002.jpg,A view of the scene,person; table,casual,
2016-12-20_Hyderabad/IMG_20161220_003.jpg,A view of the scene,person; table,casual,
2016-12-20_Hyderabad/IMG_20161220_004.jpg,A view of the scene,person; table,casual,
2016-12-20_Hyderabad/IMG_20161220_005.jpg,A view of the scene,person; table,casual,
2017-02-18_Hyderabad/IMG_20170218_001.jpg,A view of the scene,person; table,casual,
2017-02-18_Hyderabad/IMG_20170218_002.jpg,A view of the scene,person; table,casual,
2018-08-05_Pune/IMG_20180805_001.jpg,A view of the scene,person; table,casual,
2018-08-05_Pune/IMG_20180805_002.jpg,A view of the scene,person; table,casual,
2018-08-05_Pune/IMG_20180805_003.jpg,A view of the scene,person; table,casual,
2018-08-05_Pune/IMG_20180805_004.jpg,A view of the scene,person; table,casual,
2018-08-05_Pune/IMG_20180805_005.jpg,A view of the scene,person; table,casual,
2018-11-24_Pune/IMG_20181124_001.jpg,A view of the scene,person; table,casual,
2018-11-24_Pune/IMG_20181124_002.jpg,A view of the scene,person; table,casual,
2018-11-24_Pune/IMG_20181124_003.jpg,A view of the scene,person; table,casual,
2019-01-25_Hyderabad/IMG_20190125_001.jpg,Little brother with his school medal,person; table,casual,
2019-02-14_Pune-FC-Road/IMG_20190214_001.jpg,A view of the scene,person; table,casual,
2019-02-14_Pune-Koregaon-Park/IMG_20190214_002.jpg,Birthday night out with college friends,person; table,casual,
2019-02-14_Pune-Viman-Nagar/IMG_20190214_003.jpg,A view of the scene,person; table,casual,
2019-03-21_Pune/IMG_20190321_001.jpg,A view of the scene,person; table,casual,
2019-09-28_Pune/IMG_20190928_001.jpg,A view of the scene,person; table,casual,
2019-09-28_Pune/IMG_20190928_002.jpg,A view of the scene,person; table,casual,
2019-09-28_Pune/IMG_20190928_003.jpg,A view of the scene,person; table,casual,
2019-09-28_Pune/IMG_20190928_004.jpg,A view of the scene,person; table,casual,
2019-09-28_Pune/IMG_20190928_005.jpg,A view of the scene,person; table,casual,
2019-09-28_Pune/IMG_20190928_006.jpg,A view of the scene,person; table,casual,
2019-12-28_Goa-Panjim/IMG_20191228_001.jpg,A view of the scene,person; table,casual,
2019-12-28_Goa-Panjim/IMG_20191228_002.jpg,A view of the scene,person; table,casual,
2019-12-28_Goa-Panjim/IMG_20191228_003.jpg,A view of the scene,person; table,casual,
2019-12-28_Goa-Panjim/IMG_20191228_004.jpg,A view of the scene,person; table,casual,
2019-12-28_Goa-Panjim/IMG_20191228_005.jpg,A view of the scene,person; table,casual,
2019-12-28_Goa-Panjim/IMG_20191228_006.jpg,A view of the scene,person; table,casual,
2020-02-15_Pune-Koregaon-Park/IMG_20200215_001.jpg,A view of the scene,person; table,casual,
2021-12-18_Pune/IMG_20211218_001.jpg,A view of the scene,person; table,casual,
2021-12-18_Pune/IMG_20211218_002.jpg,A view of the scene,person; table,casual,
2021-12-18_Pune/IMG_20211218_003.jpg,A view of the scene,person; table,casual,
2021-12-18_Pune/IMG_20211218_004.jpg,A view of the scene,person; table,casual,
2022-02-10_Pune/IMG_20220210_001.jpg,A view of the scene,person; table,casual,
2022-02-10_Pune/IMG_20220210_002.jpg,A view of the scene,person; table,casual,
2022-02-10_Pune/IMG_20220210_003.jpg,A view of the scene,person; table,casual,
2022-02-10_Pune/IMG_20220210_004.jpg,A view of the scene,person; table,casual,
2022-02-10_Pune/IMG_20220210_005.jpg,A view of the scene,person; table,casual,
2022-02-10_Pune/IMG_20220210_006.jpg,A view of the scene,person; table,casual,
2022-02-10_Pune/IMG_20220210_007.jpg,A view of the scene,person; table,casual,
2022-02-10_Pune/IMG_20220210_008.jpg,A view of the scene,person; table,casual,
2022-05-28_Pune/IMG_20220528_001.jpg,A view of the scene,person; table,casual,
2022-05-28_Pune/IMG_20220528_002.jpg,A view of the scene,person; table,casual,
2022-07-04_Bengaluru-Koramangala/IMG_20220704_001.jpg,A view of the scene,person; table,casual,
2022-07-04_Bengaluru-Koramangala/IMG_20220704_002.jpg,A view of the scene,person; table,casual,
2022-07-04_Bengaluru-Koramangala/IMG_20220704_003.jpg,A view of the scene,person; table,casual,
2022-07-04_Bengaluru-Koramangala/IMG_20220704_004.jpg,A view of the scene,person; table,casual,
2022-11-18_Bengaluru-Indiranagar/IMG_20221118_001.jpg,A view of the scene,person; table,casual,
2022-11-18_Bengaluru-Indiranagar/IMG_20221118_002.jpg,A view of the scene,person; table,casual,
2022-11-18_Bengaluru-Indiranagar/IMG_20221118_003.jpg,A view of the scene,person; table,casual,
2022-11-18_Bengaluru-Indiranagar/IMG_20221118_004.jpg,A view of the scene,person; table,casual,
2022-11-18_Bengaluru-Indiranagar/IMG_20221118_005.jpg,A view of the scene,person; table,casual,
2022-11-18_Bengaluru-Indiranagar/IMG_20221118_006.jpg,A view of the scene,person; table,casual,
2022-12-30_Goa-Anjuna/IMG_20221230_001.jpg,A view of the scene,person; table,casual,
2022-12-30_Goa-Anjuna/IMG_20221230_002.jpg,A view of the scene,person; table,casual,
2022-12-30_Goa-Anjuna/IMG_20221230_003.jpg,A view of the scene,person; table,casual,
2022-12-30_Goa-Anjuna/IMG_20221230_004.jpg,A view of the scene,person; table,casual,
2022-12-30_Goa-Anjuna/IMG_20221230_005.jpg,Colourful cafe on a Goa trip,person; table,casual,
2022-12-30_Goa-Anjuna/IMG_20221230_006.jpg,A view of the scene,person; table,casual,
2023-03-10_Bengaluru-Whitefield/IMG_20230310_001.jpg,A view of the scene,person; table,casual,
2023-03-10_Bengaluru-Whitefield/IMG_20230310_002.jpg,A view of the scene,person; table,casual,
2023-03-10_Bengaluru-Whitefield/IMG_20230310_003.jpg,A view of the scene,person; table,casual,
2023-03-10_Bengaluru-Whitefield/IMG_20230310_004.jpg,A view of the scene,person; table,casual,
2023-05-20_Coorg/IMG_20230520_001.jpg,A view of the scene,person; table,casual,
2023-05-20_Coorg/IMG_20230520_002.jpg,A view of the scene,person; table,casual,
2023-05-20_Coorg/IMG_20230520_003.jpg,A view of the scene,person; table,casual,
2023-05-20_Coorg/IMG_20230520_004.jpg,A view of the scene,person; table,casual,
2023-05-20_Coorg/IMG_20230520_005.jpg,A view of the scene,person; table,casual,
2023-07-14_Bengaluru/IMG_20230714_001.jpg,A view of the scene,person; table,casual,
2023-07-14_Bengaluru/IMG_20230714_002.jpg,A view of the scene,person; table,casual,
2023-09-15_Edinburgh/IMG_20230915_001.jpg,A view of the scene,person; table,casual,
2023-09-15_Edinburgh/IMG_20230915_002.jpg,A view of the scene,person; table,casual,
2023-09-15_Edinburgh/IMG_20230915_003.jpg,A view of the scene,person; table,casual,
2023-10-12_Edinburgh/IMG_20231012_001.jpg,A view of the scene,person; table,casual,
2023-10-12_Edinburgh/IMG_20231012_002.jpg,A view of the scene,person; table,casual,
2023-10-12_Edinburgh/IMG_20231012_003.jpg,A view of the scene,person; table,casual,
2023-10-12_Edinburgh/IMG_20231012_004.jpg,A view of the scene,person; table,casual,
2023-11-20_Edinburgh/IMG_20231120_001.jpg,A view of the scene,person; table,casual,
2023-11-20_Edinburgh/IMG_20231120_002.jpg,A view of the scene,person; table,casual,
2023-11-20_Edinburgh/IMG_20231120_003.jpg,A view of the scene,person; table,casual,
2023-11-20_Edinburgh/IMG_20231120_004.jpg,A view of the scene,person; table,casual,
2023-11-20_Edinburgh/IMG_20231120_005.jpg,A view of the scene,person; table,casual,
2023-11-20_Edinburgh/IMG_20231120_006.jpg,A view of the scene,person; table,casual,
2023-11-20_Edinburgh/IMG_20231120_007.jpg,A view of the scene,person; table,casual,
2023-11-20_Edinburgh/IMG_20231120_008.jpg,A view of the scene,person; table,casual,
2023-11-20_Edinburgh/IMG_20231120_009.jpg,A view of the scene,person; table,casual,
2023-11-20_Edinburgh/IMG_20231120_010.jpg,Crouched on the floor wearing a face mask,person; table,casual,
2024-01-08_Edinburgh/IMG_20240108_001.jpg,A view of the scene,person; table,casual,
2024-01-08_Edinburgh/IMG_20240108_002.jpg,A view of the scene,person; table,casual,
2024-01-08_Edinburgh/IMG_20240108_003.jpg,A view of the scene,person; table,casual,
2024-01-08_Edinburgh/IMG_20240108_004.jpg,A view of the scene,person; table,casual,
2024-03-16_Edinburgh-Portobello/IMG_20240316_001.jpg,A view of the scene,person; table,casual,
2024-04-06_Isle-of-Skye/IMG_20240406_001.jpg,A view of the scene,person; table,casual,
2024-04-06_Isle-of-Skye/IMG_20240406_002.jpg,A view of the scene,person; table,casual,
2024-10-14_Dublin/IMG_20241014_001.jpg,A view of the scene,person; table,casual,
2024-10-14_Dublin/IMG_20241014_002.jpg,A view of the scene,person; table,casual,
2024-10-14_Dublin/IMG_20241014_003.jpg,A view of the scene,person; table,casual,
2024-10-14_Dublin/IMG_20241014_004.jpg,A view of the scene,person; table,casual,
2025-02-08_Dublin/IMG_20250208_001.jpg,Coworker in fast-food uniform,person; table,casual,
2025-02-08_Dublin/IMG_20250208_002.jpg,A view of the scene,person; table,casual,
2025-02-08_Dublin/IMG_20250208_003.jpg,A view of the scene,person; table,casual,
2025-02-08_Dublin/IMG_20250208_004.jpg,A view of the scene,person; table,casual,
2025-02-08_Dublin/IMG_20250208_005.jpg,A view of the scene,person; table,casual,
2025-02-08_Dublin/IMG_20250208_006.jpg,A view of the scene,person; table,casual,
2025-03-22_Dublin-Temple-Bar/IMG_20250322_001.jpg,A view of the scene,person; table,casual,
2025-03-22_Dublin-Temple-Bar/IMG_20250322_002.jpg,A view of the scene,person; table,casual,
2025-05-30_Howth/IMG_20250530_001.jpg,A view of the scene,person; table,casual,
2025-07-12_Galway/IMG_20250712_001.jpg,A view of the scene,person; table,casual,
2025-08-16_Cork/IMG_20250816_001.jpg,A view of the scene,person; table,casual,
2026-06-14_NoLocation/IMG_20260614_001.jpg,Screenshot of a meme or chat,,,some text on screen
2026-06-14_NoLocation/IMG_20260614_002.jpg,Screenshot of a meme or chat,,,some text on screen
2026-06-14_NoLocation/IMG_20260614_003.jpg,Screenshot of a meme or chat,,,some text on screen
2026-08-03_NoLocation/IMG_20260803_001.jpg,Screenshot of a meme or chat,,,some text on screen
2026-08-03_NoLocation/IMG_20260803_002.jpg,Screenshot of a meme or chat,,,some text on screen
2026-08-03_NoLocation/IMG_20260803_003.jpg,Screenshot of a meme or chat,,,some text on screen
2026-09-21_NoLocation/IMG_20260921_001.jpg,Screenshot of a meme or chat,,,some text on screen
2026-09-21_NoLocation/IMG_20260921_002.jpg,Screenshot of a meme or chat,,,some text on screen
2026-09-21_NoLocation/IMG_20260921_003.jpg,Screenshot of a meme or chat,,,some text on screen
2026-09-21_NoLocation/IMG_20260921_004.jpg,Screenshot of a meme or chat,,,some text on screen
2026-10-05_NoLocation/IMG_20261005_001.jpg,Screenshot of electricity bill payment receipt,,,Payment successful; ₹1,840.00; Your electricity bill has been paid successfully; Demo City Power
2026-10-05_NoLocation/IMG_20261005_002.jpg,Screenshot of rent payment transfer,,,Paid to Rohan Mehta; ₹18,000; October rent
2026-10-05_NoLocation/IMG_20261005_003.jpg,Screenshot of e-prescription,,,Demo Care Clinic; Influenza (flu); Demo medication
2026-10-05_NoLocation/IMG_20261005_004.jpg,Screenshot of cab booking confirmation,,,Cab booking details; Bengaluru to Mysuru; ₹3,500
2026-10-05_NoLocation/IMG_20261005_005.jpg,Screenshot of boarding pass,,,Boarding pass; Demo Air; DEL to BLR; DA 204
